{"packages/design_system/assets/altera_logo.png":["packages/design_system/assets/altera_logo.png","packages/design_system/assets/1.5x/altera_logo.png","packages/design_system/assets/2.0x/altera_logo.png","packages/design_system/assets/3.0x/altera_logo.png","packages/design_system/assets/4.0x/altera_logo.png"],"packages/design_system/assets/altera_logo_mobile.png":["packages/design_system/assets/altera_logo_mobile.png","packages/design_system/assets/1.5x/altera_logo_mobile.png","packages/design_system/assets/2.0x/altera_logo_mobile.png","packages/design_system/assets/3.0x/altera_logo_mobile.png","packages/design_system/assets/4.0x/altera_logo_mobile.png"],"packages/design_system/assets/altera_logo_white_168.png":["packages/design_system/assets/altera_logo_white_168.png","packages/design_system/assets/2.0x/altera_logo_white_168.png","packages/design_system/assets/3.0x/altera_logo_white_168.png"],"packages/design_system/assets/altera_logo_white_195.png":["packages/design_system/assets/altera_logo_white_195.png","packages/design_system/assets/2.0x/altera_logo_white_195.png","packages/design_system/assets/3.0x/altera_logo_white_195.png"],"packages/design_system/assets/flags/de.png":["packages/design_system/assets/flags/de.png","packages/design_system/assets/flags/1.5x/de.png","packages/design_system/assets/flags/2.0x/de.png","packages/design_system/assets/flags/3.0x/de.png","packages/design_system/assets/flags/4.0x/de.png"],"packages/design_system/assets/flags/eu.png":["packages/design_system/assets/flags/eu.png","packages/design_system/assets/flags/1.5x/eu.png","packages/design_system/assets/flags/2.0x/eu.png","packages/design_system/assets/flags/3.0x/eu.png","packages/design_system/assets/flags/4.0x/eu.png"],"packages/design_system/assets/flags/pl.png":["packages/design_system/assets/flags/pl.png","packages/design_system/assets/flags/1.5x/pl.png","packages/design_system/assets/flags/2.0x/pl.png","packages/design_system/assets/flags/3.0x/pl.png","packages/design_system/assets/flags/4.0x/pl.png"],"packages/design_system/assets/flags/uk.png":["packages/design_system/assets/flags/uk.png","packages/design_system/assets/flags/1.5x/uk.png","packages/design_system/assets/flags/2.0x/uk.png","packages/design_system/assets/flags/3.0x/uk.png","packages/design_system/assets/flags/4.0x/uk.png"],"packages/design_system/assets/gold_promo_graphic.png":["packages/design_system/assets/gold_promo_graphic.png","packages/design_system/assets/2.0x/gold_promo_graphic.png","packages/design_system/assets/3.0x/gold_promo_graphic.png"],"packages/design_system/assets/noisy_background.jpg":["packages/design_system/assets/noisy_background.jpg"],"packages/design_system/assets/star_big.png":["packages/design_system/assets/star_big.png","packages/design_system/assets/2.0x/star_big.png","packages/design_system/assets/3.0x/star_big.png"],"packages/design_system/assets/star_small.png":["packages/design_system/assets/star_small.png","packages/design_system/assets/2.0x/star_small.png","packages/design_system/assets/3.0x/star_small.png"],"packages/design_system/assets/tabs/tab_icon_expenses.png":["packages/design_system/assets/tabs/tab_icon_expenses.png","packages/design_system/assets/tabs/1.5x/tab_icon_expenses.png","packages/design_system/assets/tabs/2.0x/tab_icon_expenses.png","packages/design_system/assets/tabs/3.0x/tab_icon_expenses.png","packages/design_system/assets/tabs/4.0x/tab_icon_expenses.png"],"packages/design_system/assets/tabs/tab_icon_finances.png":["packages/design_system/assets/tabs/tab_icon_finances.png","packages/design_system/assets/tabs/1.5x/tab_icon_finances.png","packages/design_system/assets/tabs/2.0x/tab_icon_finances.png","packages/design_system/assets/tabs/3.0x/tab_icon_finances.png","packages/design_system/assets/tabs/4.0x/tab_icon_finances.png"],"packages/design_system/assets/tabs/tab_icon_payments.png":["packages/design_system/assets/tabs/tab_icon_payments.png","packages/design_system/assets/tabs/1.5x/tab_icon_payments.png","packages/design_system/assets/tabs/2.0x/tab_icon_payments.png","packages/design_system/assets/tabs/3.0x/tab_icon_payments.png","packages/design_system/assets/tabs/4.0x/tab_icon_payments.png"],"packages/design_system/assets/tabs/tab_icon_sales.png":["packages/design_system/assets/tabs/tab_icon_sales.png","packages/design_system/assets/tabs/1.5x/tab_icon_sales.png","packages/design_system/assets/tabs/2.0x/tab_icon_sales.png","packages/design_system/assets/tabs/3.0x/tab_icon_sales.png","packages/design_system/assets/tabs/4.0x/tab_icon_sales.png"],"packages/design_system/fonts/Mulish/Mulish-Black.ttf":["packages/design_system/fonts/Mulish/Mulish-Black.ttf"],"packages/design_system/fonts/Mulish/Mulish-Bold.ttf":["packages/design_system/fonts/Mulish/Mulish-Bold.ttf"],"packages/design_system/fonts/Mulish/Mulish-ExtraBold.ttf":["packages/design_system/fonts/Mulish/Mulish-ExtraBold.ttf"],"packages/design_system/fonts/Mulish/Mulish-ExtraLight.ttf":["packages/design_system/fonts/Mulish/Mulish-ExtraLight.ttf"],"packages/design_system/fonts/Mulish/Mulish-Light.ttf":["packages/design_system/fonts/Mulish/Mulish-Light.ttf"],"packages/design_system/fonts/Mulish/Mulish-Medium.ttf":["packages/design_system/fonts/Mulish/Mulish-Medium.ttf"],"packages/design_system/fonts/Mulish/Mulish-Regular.ttf":["packages/design_system/fonts/Mulish/Mulish-Regular.ttf"],"packages/design_system/fonts/Mulish/Mulish-SemiBold.ttf":["packages/design_system/fonts/Mulish/Mulish-SemiBold.ttf"],"packages/design_system/fonts/app_icons.ttf":["packages/design_system/fonts/app_icons.ttf"]}