[{"family":"MaterialIcons","fonts":[{"asset":"fonts/MaterialIcons-Regular.otf"}]},{"family":"packages/design_system/AppIcons","fonts":[{"asset":"packages/design_system/fonts/app_icons.ttf"}]},{"family":"packages/design_system/Mulish","fonts":[{"weight":200,"asset":"packages/design_system/fonts/Mulish/Mulish-ExtraLight.ttf"},{"weight":300,"asset":"packages/design_system/fonts/Mulish/Mulish-Light.ttf"},{"weight":400,"asset":"packages/design_system/fonts/Mulish/Mulish-Regular.ttf"},{"weight":500,"asset":"packages/design_system/fonts/Mulish/Mulish-Medium.ttf"},{"weight":600,"asset":"packages/design_system/fonts/Mulish/Mulish-SemiBold.ttf"},{"weight":700,"asset":"packages/design_system/fonts/Mulish/Mulish-Bold.ttf"},{"weight":800,"asset":"packages/design_system/fonts/Mulish/Mulish-ExtraBold.ttf"},{"weight":900,"asset":"packages/design_system/fonts/Mulish/Mulish-Black.ttf"}]}]